Year,Value
2018,12.305949
2019,10.826309
2020,13.275289
2021,14.980044
