Year,Value
2014,5.1
2015,5.027122
2016,2.775099
2017,3.815792
2018,2.766771
