{"data":{"Year":[2014,2015,2016,2017],"Value":[36.656625,40.376589,32.591487,32.591487]},"edges":[]}