{"data":{"Year":[2014,2015,2016,2017,2018],"Value":[36.130819,36.495276,37.228068,37.449537,34.21241]},"edges":[]}