Year,Value
2014,36.656625
2015,40.376589
2016,32.591487
2017,32.591487
