Year,Value
2018,14.848767
2019,356.362649
2020,601.004085
2021,105.798908
