{"Year":[2014,2015,2016,2017,2018],"Value":[5.1,5.027122,2.775099,3.815792,2.766771]}