Year,Value
2014,36.130819
2015,36.495276
2016,37.228068
2017,37.449537
2018,34.21241
