{"Year":[2018,2019,2020,2021],"Value":[14.848767,356.362649,601.004085,105.798908]}